Zip_Code,Neighborhood,lat,lng,population,median_household_income,median_home_value,Less Than High School,High School Graduate,Associate's Degree,Bachelor's Degree,Master's Degree,Professional Degree,Doctorate Degree
77002,"Downtown, Midtown",29.75,-95.37,16793,64093.0,208600.0,0.2657488986784141,0.416079295154185,0.04911894273127753,0.15297356828193834,0.07169603524229075,0.02169603524229075,0.022687224669603524
77003,East Downtown,29.75,-95.35,10508,36412.0,162600.0,0.3181356178306955,0.36939160737621607,0.03862349353855089,0.16567445912588935,0.06112966458545085,0.029330622912734135,0.017714534630463193
77004,"South Central, Greater Third Ward",29.72,-95.38,32692,41983.0,191700.0,0.15767329336278532,0.34537709056484694,0.040443883454296836,0.23072472914694436,0.13710949826443672,0.060271378983906596,0.028400126222783213
77005,West University Place,29.72,-95.42,25528,159732.0,754000.0,0.016033290496297658,0.12220794321032985,0.04045040083226241,0.3349244232299125,0.22740346368031333,0.18407686188115782,0.07490361666972646
77006,"Montrose, Hyde Park",29.74,-95.39,19664,67458.0,327300.0,0.03367797327528871,0.26452627123768063,0.030957131628272568,0.3390168692182115,0.17201765523913176,0.10121530926900055,0.058588790132414297
77007,"Rice Military, Memorial Park",29.77,-95.41,30853,98725.0,308700.0,0.0952647576387778,0.2112062070068789,0.044512877939529676,0.3823788193888978,0.16625339945608703,0.07510798272276435,0.02527595584706447
77008,"Shady Acres, Greater Heights, Lazybrook",29.8,-95.42,30482,70293.0,292200.0,0.11530573808228352,0.2987904407148537,0.036663457916544594,0.33373791487046417,0.14711421755325826,0.04599673544552798,0.02239149541706776
77009,"Northside Village, Woodland Heights",29.79,-95.37,38094,44651.0,163000.0,0.3348830001549667,0.3998915233224857,0.03490624515729118,0.1371842553850922,0.06396249806291647,0.01758871842553851,0.011583759491709282
77010,George R Brown,29.754,-95.36,366,250001.0,,0.018292682926829267,0.09349593495934959,0.036585365853658534,0.34146341463414637,0.3780487804878049,0.11382113821138211,0.018292682926829267
77011,"Greater East End, Second ward, Magnolia Park",29.74,-95.3,19547,26838.0,80300.0,0.5699907741340267,0.3859766837205401,0.02205820682714082,0.015935586681204397,0.004445189968967542,0.0,0.0015935586681204395
77012,"Harrisburg, Manchester",29.72,-95.27,20719,34975.0,82600.0,0.5120806401969837,0.41543551862111416,0.018928901200369344,0.04093567251461988,0.007156048014773777,0.0035395506309633734,0.0019236688211757464
77013,North Shore,29.8,-95.24,17602,36829.0,84900.0,0.4204972933296633,0.49160473437930086,0.020827598862280944,0.04092118542985595,0.02165336269382512,0.00449582530507386,0.0
77014,"Silverglen, Sablechase",29.99,-95.46,28684,40659.0,119300.0,0.2513927576601671,0.5038300835654597,0.07927112349117921,0.12256267409470752,0.03243964716805942,0.009168987929433612,0.0013347260909935005
77015,Cloverleaf,29.77,-95.16,53621,44167.0,92200.0,0.34600233210425135,0.495666698181589,0.05628565125586965,0.07134978412278213,0.024140430493838832,0.004065424978727428,0.0024896788629416027
77016,"East Little York, Homestead",29.86,-95.3,26989,31327.0,63700.0,0.2864006114538407,0.5947480482611781,0.033684555331113177,0.05541300431293334,0.026751105530381614,0.0020745755309275536,0.0009280995796254845
77017,"Meadowbrook, Allendale",29.68,-95.26,32561,35586.0,86400.0,0.42595153936786023,0.4630398032887659,0.029199323805132935,0.052610009733107935,0.016751191025049947,0.009067158444751805,0.003380974335331182
77018,Central Northwest,29.83,-95.43,25563,61980.0,218400.0,0.15155494851859636,0.4525110317293549,0.04953771800798487,0.22347131750367724,0.07170624080689221,0.03383063668837991,0.01738810674511452
77019,"River Oaks, Fourth Ward",29.75,-95.41,18944,87394.0,378700.0,0.04562128993530314,0.23304208630694323,0.026479023544320683,0.3701060494897619,0.19709197625558594,0.0943773761088508,0.03328219835923431
77020,"Greater Fifth Ward, Denver Harbor, Port Houston",29.77,-95.32,25464,29401.0,70500.0,0.4868909148066646,0.4140207481923923,0.02684690348946872,0.053002200565859796,0.01483810122602955,0.003269412134548884,0.0011317195850361521
77021,Greater OST,29.7,-95.36,26042,31103.0,83900.0,0.22961245839277222,0.508678078934855,0.037446504992867335,0.12268188302425106,0.059557774607703284,0.03168093200190204,0.010342368045649072
77022,Independence Heights,29.83,-95.38,29557,28810.0,81700.0,0.4479548495956246,0.4518531448187584,0.04567405597253738,0.03950660382847501,0.008262058532611858,0.004363763309478094,0.0023855239425146914
77023,"Greater Eastwood, Lawndale, Wayside, Gulfgate, Pine Valley",29.72,-95.31,28998,36033.0,102700.0,0.4648450334026941,0.3798050596867813,0.03608586135144015,0.08843500164275545,0.02020589201620852,0.005694885554703756,0.004928266345416712
77024,"Memorial Villages, Briargrove Park",29.77,-95.5,34775,111139.0,658600.0,0.034504766843511905,0.2191950217399976,0.03969045434600502,0.38657305835892936,0.17647293470022737,0.10351430053053572,0.04004946348079301
77025,"Braeswood Place, Willowbend Area",29.68,-95.43,26137,65828.0,331200.0,0.07361897062786311,0.253839935327405,0.01886284020479655,0.29959579628132577,0.1796820264079763,0.0973322554567502,0.07706817569388305
77026,Kashmere Gardens,29.8,-95.32,23940,20024.0,59600.0,0.40414213774026525,0.4998226824597489,0.03688204837222498,0.0386552237747358,0.013192424994680475,0.0031207887084190367,0.004184693949925527
77027,"River Oaks, Bellaire Junction",29.74,-95.45,14331,81661.0,475900.0,0.02312936211653952,0.20012984905047881,0.052751176757019964,0.3940107125466645,0.20613536763512416,0.08643077422496348,0.03741275766920955
77028,"Trinity, Houston Gardens, Settegast",29.83,-95.29,16808,29389.0,59100.0,0.30583027220495435,0.5982857681077517,0.0368277291136856,0.043703494395780355,0.010549119336912499,0.002072148441179241,0.002731468399736272
77029,Jacinto City,29.76,-95.25,17814,31715.0,69500.0,0.4621693121693122,0.4578483245149912,0.021340388007054675,0.03950617283950617,0.013844797178130511,0.0032627865961199296,0.0020282186948853615
77030,Texas Medical Center,29.71,-95.41,10258,68980.0,501100.0,0.022912825915196208,0.13668685804582564,0.03107716618382934,0.29905188306557806,0.21727679747168818,0.17158282854885437,0.12141164076902818
77031,"Brays Oaks, Braeburn Gardens",29.66,-95.55,15762,39278.0,114900.0,0.3042105263157895,0.4321531100478469,0.038755980861244016,0.16411483253588516,0.034832535885167465,0.020669856459330144,0.005263157894736842
77032,"Greenbriar Colony, Aldine Estates",29.97,-95.34,12757,23389.0,72900.0,0.4369841935935096,0.48790040565114,0.038746677857042944,0.020702196111344245,0.012169534200587495,0.0009791579241852006,0.002517834662190516
77033,"Southeast Houston, Southpark",29.67,-95.34,27965,27272.0,65600.0,0.3162628172079968,0.5860113421550095,0.028699089190582575,0.04932118920776766,0.01707051612533654,0.0015466575012888812,0.0010883886120181016
77034,Edgebrook,29.62,-95.2,33678,43905.0,99700.0,0.29642716921868867,0.5155084413034943,0.056782489202983906,0.1097860227718885,0.017765999214762466,0.0032391048292108363,0.0004907734589713388
77035,"Westbury, Southeast Houston",29.65,-95.48,35896,36345.0,156300.0,0.2636227067874539,0.4464879136887149,0.03109209268448127,0.16324486730095142,0.06446032685391724,0.015841944735284746,0.015250147949196522
77036,"Chinatown, Sharpstown",29.69,-95.53,71969,28266.0,113900.0,0.4214871794871795,0.37874358974358974,0.03833333333333333,0.11987179487179488,0.02958974358974359,0.007102564102564103,0.004871794871794872
77037,Aldine,29.9,-95.39,19819,35518.0,84200.0,0.5731101710502116,0.35341180798234323,0.04349825271289314,0.0298878057752437,0.0,0.0,9.196247930844215e-05
77038,"Fallbrook, Forestwood",29.92,-95.45,26713,38160.0,86300.0,0.418455623197693,0.46247997436719,0.031015700096123037,0.07151553989106056,0.010509452098686319,0.005318808074335149,0.0007049022749118872
77039,"High Meadows, Fairgreen",29.91,-95.34,27562,38167.0,85000.0,0.4978687127024723,0.4424552429667519,0.023870417732310314,0.027411633549740966,0.00622991671585022,0.0021640763328742867,0.0
77040,"Fairbanks, Northwest Crossing",29.87,-95.54,45081,53194.0,121700.0,0.1907560687208736,0.5195103289977047,0.049836544480767894,0.15330041037768657,0.06221743061834875,0.012519997217778396,0.011859219586840091
77041,"Lakes on Eldridge, Jersey Acres",29.87,-95.57,37146,70608.0,137200.0,0.20028699395573335,0.4067052224203157,0.05531156237770144,0.21550637039613862,0.08127147019176414,0.02448145410270905,0.016436926555637693
77042,"Briarforest, Westchase, Walnut Bend",29.74,-95.56,36385,46159.0,211900.0,0.10658468861562873,0.40285600952003175,0.06307021023403411,0.28064260214200715,0.10051566838556128,0.021221737405791353,0.025109083696945655
77043,"Spring Branch North, Spring Branch West",29.81,-95.58,23358,54359.0,140800.0,0.20410659114315138,0.46614315139031925,0.04306127703398558,0.21273171987641606,0.060504634397528324,0.010556127703398558,0.002896498455200824
77044,Summerwood,29.9,-95.17,30949,72761.0,140000.0,0.2085362660382299,0.48620057606703326,0.061534433097669546,0.14642576590730558,0.06431002880335167,0.020057606703325476,0.012935323383084577
77045,Central Southwest,29.64,-95.43,31255,36952.0,85500.0,0.28996380043019776,0.5443575887938723,0.02958921357746183,0.09264991343581135,0.032474686532710774,0.003934735848066733,0.00703006138187923
77046,"Greenway, Upper Kirby",29.732,-95.435,1196,85493.0,295000.0,0.0,0.24134419551934827,0.026476578411405296,0.48574338085539714,0.15580448065173116,0.07230142566191446,0.018329938900203666
77047,"Cloverland, South Acres, Crestmont Park",29.61,-95.38,21077,49246.0,103400.0,0.17019357524457088,0.5422188302227156,0.04544508429889683,0.1651287032540068,0.06063970027058905,0.005342399222923749,0.011031707486297093
77048,"Minnetex, South Acres, Crestmont Park",29.62,-95.33,15294,36818.0,81200.0,0.26131313131313133,0.5824242424242424,0.04111111111111111,0.08212121212121212,0.020303030303030302,0.006767676767676768,0.00595959595959596
77049,"Houston Farms, Sheldon Park",29.84,-95.15,28521,50348.0,104000.0,0.2615527950310559,0.5126708074534162,0.05950310559006211,0.11043478260869566,0.0391304347826087,0.010062111801242236,0.006645962732919255
77050,"Shadowlake Estates, Forest Acres",29.9,-95.27,4611,44327.0,73100.0,0.3268765133171913,0.5191975095122795,0.08682116914562435,0.04254583189207887,0.02455897613282601,0.0,0.0
77051,"Sunnyside, Brookhaven",29.66,-95.37,15085,22920.0,58800.0,0.21822795517022625,0.6583844364559104,0.03637132586170438,0.06967646436878833,0.014908014379361387,0.0024318037640093043,0.0
77053,"Kellys Corner, Quail Bridge, Ridgegate",29.58,-95.46,28954,46568.0,85800.0,0.3454436188811189,0.5243662587412588,0.033872377622377624,0.07796110139860139,0.01103583916083916,0.005080856643356643,0.0022399475524475525
77054,"Astrodome, South Main",29.68,-95.41,22290,41694.0,119300.0,0.020111050920910076,0.34005958829902494,0.053561755146262185,0.3073537378114843,0.1391522210184182,0.07157367280606718,0.06818797399783315
77055,Spring Branch East,29.8,-95.5,41989,46987.0,230300.0,0.3405019221005295,0.33785450061652283,0.03681003844201059,0.1878581272212954,0.06103575832305795,0.024189453833321245,0.011750199463262494
77056,"West Oaks, Uptown",29.75,-95.47,18673,93069.0,555700.0,0.01809256661991585,0.21858345021037867,0.02664796633941094,0.44298737727910237,0.18197755960729312,0.0773492286115007,0.034361851332398316
77057,"Tanglewood, San Felipe",29.75,-95.49,39208,54594.0,224900.0,0.162303132938188,0.2799661303979678,0.054022015241320914,0.3164775613886537,0.12030482641828959,0.042201524132091446,0.02472480948348857
77058,"Clear Lake Area, Nassau Bay",29.56,-95.1,16406,49589.0,158400.0,0.06435181254775448,0.42015451226759487,0.07173783852619067,0.28355548009168857,0.12259105187197555,0.024535189744460482,0.013074114950335343
77059,"Clear Lake Area, Pinebrook, Brookwood",29.61,-95.12,16949,136355.0,243000.0,0.03810586734693878,0.1924426020408163,0.049505739795918366,0.4211575255102041,0.20033482142857142,0.050860969387755105,0.04759247448979592
77060,Greenspoint,29.93,-95.4,40830,27750.0,90400.0,0.5072164041186307,0.4166593329226437,0.03379389245797765,0.023585320777963565,0.013288744169673503,0.002068115814485611,0.003388189738625363
77061,"Hobby, Glenbrook Valley",29.65,-95.28,24457,34566.0,113800.0,0.38997118946357523,0.46398682946906294,0.038002469474550694,0.0814240636575662,0.018658252160790232,0.005624914254355878,0.002332281520098779
77062,"Clear Lake Area, Bay Knoll",29.57,-95.14,25152,87960.0,160100.0,0.06714508233199822,0.36114819759679573,0.070260347129506,0.3146417445482866,0.13011793502447708,0.026646639964396975,0.030040053404539385
77063,Mid-west,29.74,-95.52,34299,49873.0,176600.0,0.12463712757830404,0.36157372039724983,0.06764705882352941,0.2940412528647823,0.10832696715049656,0.026737967914438502,0.01703590527119939
77064,"Harvest Bend, North Houston",29.93,-95.54,45847,62610.0,133300.0,0.1567934874020251,0.4853500185016988,0.06458774851145424,0.21646987587042082,0.05543781747233155,0.011672889965351364,0.009688162276718135
77065,"Wortham Park, Tower Oaks",29.92,-95.61,35326,54091.0,140600.0,0.12597173903706568,0.5267791951209037,0.07447493879654683,0.1949061547051497,0.0659708800412318,0.008203410213460464,0.0036936820856418844
77066,"Champions Point, Glennwood Forest, Kleinbrook",29.96,-95.5,31366,59855.0,114800.0,0.20879461976202793,0.5129332643559235,0.0760475944128298,0.13843766166580446,0.05064666321779617,0.006621831350232798,0.006518365235385412
77067,"Heritage Village, Green Oak Park",29.95,-95.45,30559,37309.0,94700.0,0.2986652171287069,0.5514887962795192,0.04505647158301625,0.08497916289182823,0.01582412272754726,0.0032010629945038354,0.0007851663948782992
77068,"Meyer Park, Collins Park",30.01,-95.49,10064,67945.0,165200.0,0.17144479137099064,0.40122055066704515,0.07692307692307693,0.2575929605449901,0.06386602327561737,0.02029520295202952,0.008657394266250356
77069,Champions,29.99,-95.52,16541,68495.0,206000.0,0.042324067117455545,0.38734451957592453,0.08481509307955588,0.31914183153852577,0.13682277318640956,0.016946322731446698,0.012605392770682027
77070,Willowbrook,29.98,-95.58,46017,69139.0,154500.0,0.08743256615698917,0.4544642002106809,0.08880518402655856,0.26730934976218595,0.081239825071025,0.014268841574360775,0.006480033198199636
77071,"Brays Oaks, Fondren Park",29.65,-95.52,25671,45941.0,117500.0,0.1946079585589828,0.45167176830704026,0.04450200141276195,0.20114198257593596,0.0788203437720744,0.018954556157287496,0.010301389215917119
77072,Alief,29.69,-95.59,56526,35462.0,94100.0,0.3572688409913007,0.4555020776658396,0.04514065349316911,0.11040028698693612,0.020776658395862607,0.0074138291829840665,0.0034976532839078056
77073,"Northridge Park, Remington Ranch",30.0,-95.4,34790,51206.0,108300.0,0.21180321555790893,0.5764898430730722,0.0632521421007028,0.10652739000673919,0.03220371618369115,0.008857225377876192,0.0008664677000096274
77074,"Braeburn, Braes Timbers, Robindell",29.69,-95.53,37267,36207.0,104800.0,0.3326813578476116,0.42547920198200545,0.045464423870995786,0.14265223627591603,0.03355500499847872,0.01138783848393967,0.008779936541052724
77075,Greater Hobby Area,29.62,-95.26,37388,45581.0,114600.0,0.31490697153104685,0.49580811477247255,0.05756556825823806,0.10082941044608833,0.021923335574983188,0.0033176417843532842,0.0056489576328177535
77076,"Northside, Northline",29.85,-95.38,33803,31212.0,86500.0,0.5022526280660771,0.4435730574559208,0.02113576950887146,0.030702486233939598,0.0012792702597474832,0.001056788475443573,0.0
77077,"Briar Forest, Eldridge",29.75,-95.63,52151,59958.0,208900.0,0.052828146143437074,0.36920162381596755,0.06281461434370772,0.32487144790257105,0.1445196211096076,0.021840324763193506,0.02392422192151556
77078,East Houston,29.85,-95.26,14777,30368.0,70700.0,0.34238488783943327,0.5524310400343458,0.042180959536331435,0.040463668562842114,0.02071482236771493,0.0018246216593324031,0.0
77079,Energy Corridor,29.79,-95.6,31280,95589.0,326400.0,0.0455751594432289,0.29020995298170477,0.057911642847167266,0.38736557888366463,0.14054280526977328,0.049671802988687674,0.028723057585773475
77080,Spring Branch Central,29.81,-95.52,45275,38159.0,130600.0,0.3775884756562089,0.4289770759747905,0.047094674146409034,0.1096682595747628,0.02912251540965441,0.005436664588960454,0.0021123346492139343
77081,Gulfton,29.71,-95.48,47860,26741.0,217100.0,0.43248462872457827,0.36827999369383574,0.02889011508749803,0.11197382941825634,0.031333753744285035,0.019903830994797415,0.007133848336749173
77082,"Royal Oaks, Westchase",29.74,-95.64,49900,50294.0,124000.0,0.11753921981126406,0.46219270301136023,0.07206828154114324,0.23123159223417683,0.08760593857065577,0.021758730540361843,0.007603534291038047
77083,Mission Bend,29.69,-95.65,70837,53879.0,117900.0,0.2285800999206238,0.47480973058785075,0.058504925993369754,0.17523462669841713,0.05304197600037353,0.006606901059905682,0.003221739739459308
77084,"Addicks, Park Ten",29.83,-95.66,95137,62785.0,124300.0,0.161057219636888,0.5100773415481419,0.06413449564134496,0.19646719538572457,0.05186144065019335,0.009372746935832732,0.007029560201874549
77085,"Fondren Gardens, Corithian Pointe, Winchester",29.62,-95.49,16074,49466.0,106600.0,0.264821713677488,0.4811069717935072,0.05194252261841405,0.1577434805747738,0.031293241085683876,0.010963278339542309,0.0021287919105907396
77086,Northwest Park,29.92,-95.49,28009,42030.0,93500.0,0.3594056275687638,0.4969332911792602,0.0505216566550743,0.07309516282010749,0.013468226367372747,0.004173253240594373,0.002402782168827063
77087,"Golfcrest, Bellfort, Reveille",29.69,-95.3,36399,38707.0,84800.0,0.4411550704865848,0.4472942246475671,0.03547066848567531,0.058753979081400634,0.012369258753979082,0.0036380172805820826,0.001318781264211005
77088,"Inwood, Acres Homes",29.88,-95.45,49660,40896.0,93400.0,0.3049463742596446,0.5177525212101809,0.052089002721306225,0.08666559948775412,0.028461661597566832,0.006146950536257404,0.003937890187289899
77089,"Southbelt, Ellington",29.59,-95.22,48685,63141.0,121000.0,0.17958307786633967,0.5316983445738811,0.07492335990190067,0.15432250153280197,0.046137339055793994,0.007081545064377683,0.006253832004904966
77090,Cypress Station,30.0,-95.45,32930,36138.0,138800.0,0.14272006464319983,0.5347204686631988,0.08701580728246049,0.15418413211453966,0.0638351598404121,0.01398919246502702,0.0035351749911620624
77091,Greater Inwood,29.86,-95.44,23472,27903.0,95300.0,0.2982819707199679,0.5277759208503242,0.0397085366668895,0.09038037301958687,0.03048332107761214,0.006684938832809679,0.006684938832809679
77092,"Forest Lake, Langwood",29.83,-95.47,33745,37314.0,130200.0,0.32114978418587564,0.4758931031316007,0.05151988245017908,0.11020295711268252,0.03177518596749013,0.002525484433832308,0.006933602718339609
77093,"Eastex, Jenson",29.86,-95.34,46929,31725.0,75200.0,0.5510605363343514,0.386604191942434,0.024557586913776512,0.031042128603104215,0.0029285026984060577,0.003807053507927875,0.0
77094,"Windsor Park, Green Trails",29.76,-95.69,8498,146518.0,295200.0,0.008958369927981732,0.1832074477428421,0.05269629369401019,0.48708940804496753,0.19409801510627087,0.030036887405585806,0.04391357807834182
77095,"Copperfield, Canyon Lakes",29.91,-95.64,66502,89393.0,167000.0,0.067210302446361,0.42556341503536765,0.08004136018612083,0.300495852231335,0.09548092966418349,0.016661574977087396,0.014546565459544568
77096,Meyerland,29.67,-95.48,32628,63346.0,255900.0,0.09350430943872189,0.3294933781795249,0.04532268236283372,0.3002312381753206,0.1267605633802817,0.05923901618667227,0.04544881227664494
77098,"Boulevard Oaks, Crowne Plaza",29.73,-95.42,13076,81907.0,424200.0,0.03282442748091603,0.19761450381679388,0.033301526717557255,0.36479007633587784,0.2271946564885496,0.08845419847328244,0.055820610687022904
77099,"Huntington Village, Alief",29.67,-95.59,47091,35252.0,96300.0,0.30518988711364375,0.4727161250766401,0.05038410213870956,0.12568976088289394,0.03310852237890864,0.005445955206116781,0.007465647203087244
77301,East Conroe,30.3,-95.43,30769,34097.0,92700.0,0.3886339764497761,0.492343413123998,0.03283763613245619,0.061750234949416775,0.022112886284482283,0.0015479020399137597,0.0007739510199568798
77302,Southeast Conroe,30.23,-95.36,18118,57758.0,113100.0,0.2104944674965422,0.5624135546334716,0.066649377593361,0.11739280774550484,0.03250345781466114,0.009249654218533887,0.0012966804979253112
77303,Northeast Conroe,30.4,-95.4,16710,45599.0,89000.0,0.201593192722006,0.6456956639811714,0.05920159319272201,0.06843486919525663,0.019552819770073324,0.004435593373766634,0.0010862677650040735
77304,West Conroe,30.33,-95.52,21314,58774.0,166900.0,0.10118239968986238,0.5040382503069071,0.07165471344575822,0.2287911093881243,0.06286748077792854,0.022420365703947794,0.009045680687471733
77306,Far East Conroe,30.27,-95.31,11931,41596.0,67800.0,0.26969607553850694,0.6541752729418707,0.03496606668633815,0.03732664502803187,0.0022130421953378576,0.001622897609914429,0.0
77316,South Montgomery,30.3,-95.7,16036,72458.0,165000.0,0.1222398211124569,0.5581850368023852,0.07966085903288922,0.17627876642131743,0.044908226963570295,0.010248765489611478,0.008478524177769496
77318,West Willis,30.44,-95.54,14281,78194.0,166100.0,0.09334432309911395,0.5756233257778693,0.0700597568514321,0.18576138471048836,0.058520502781784466,0.008448382443849165,0.008242324335462601
77327,East Cleveland,30.3,-94.9,20160,46936.0,79200.0,0.23627262225644974,0.6402002310358106,0.039045051983057376,0.060993453985367735,0.018790912591451676,0.002849441663457836,0.0018482864844050829
77328,West Cleveland,30.4,-95.2,13993,48250.0,85700.0,0.26630320821975256,0.6211994128748165,0.04801845250576641,0.05189767246802265,0.002830782134619417,0.007863283707276158,0.001887188089746278
77336,Huffman,30.06,-95.1,12471,62995.0,142000.0,0.11338868707836014,0.5909444732745199,0.09691229891022314,0.16087182148417228,0.03230409963674105,0.005578619615983394,0.0
77338,North Humble,30.01,-95.29,33971,48046.0,102600.0,0.16559844276693728,0.5822532402791625,0.0576840905853867,0.1356406969567488,0.049613065565209134,0.004130465745620282,0.005079998100935289
77339, North Humble,30.05,-95.22,37512,73135.0,150300.0,0.049554420373615723,0.4617248965285805,0.08382117155747791,0.27812371825944293,0.09586487191916179,0.019501099966441702,0.011409821395279466
77345,Kingwood,30.06,-95.16,26122,119708.0,243300.0,0.01984765583091943,0.325930694131531,0.07257804956549727,0.36095912455745094,0.17380109430318635,0.03347280334728033,0.01341057826413475
77346,Atascocita,29.98,-95.18,53578,86523.0,156600.0,0.056326772236199495,0.4892111883972177,0.09767648364658872,0.24676631641260915,0.08423856741157318,0.018114547876276452,0.007666124019535297
77354,East Magnolia,30.2,-95.7,30215,75269.0,206600.0,0.14408266718658608,0.48596217586274126,0.08174108013257946,0.20330473776564634,0.06999415090660947,0.004679274712419575,0.01023591343341782
77355,West Magnolia,30.16,-95.75,24010,71326.0,167400.0,0.10822756835259204,0.6080065669002968,0.07027846182989203,0.15703731767380186,0.04047483740607438,0.011113215886847256,0.0048620319504956745
77356,North Montgomery,30.4,-95.7,24498,78353.0,208300.0,0.06703009400901151,0.4535795738999833,0.07949046003226344,0.2633364855092618,0.0734271569227346,0.04505757356622351,0.018078656060521777
77357,New Caney,30.2,-95.2,19987,48979.0,101000.0,0.2651915455746367,0.6174042272126816,0.04491413474240423,0.056968295904887715,0.010980845442536328,0.004210700132100396,0.00033025099075297226
77362,Pinehurst,30.16,-95.66,4600,59576.0,133100.0,0.18136882129277568,0.6673003802281369,0.018631178707224333,0.11178707224334601,0.015209125475285171,0.0,0.005703422053231939
77365,Porter,30.11,-95.27,25769,58109.0,124800.0,0.21884320720509973,0.5503245803848178,0.07444879817533188,0.11070822855137727,0.03742908942043394,0.004093806655359963,0.00415228960757939
77368,Romayor,30.3,-94.9,152,58182.0,64800.0,0.16556291390728478,0.6423841059602649,0.052980132450331126,0.09271523178807947,0.046357615894039736,0.0,0.0
77369,Rye,30.3,-94.9,1018,19485.0,33200.0,0.36633663366336633,0.5069306930693069,0.027722772277227723,0.09900990099009901,0.0,0.0,0.0
77372,Splendora,30.25,-95.17,12164,44896.0,75800.0,0.25145819831497085,0.6649384316267012,0.03279325988334413,0.03849643551523007,0.007517822423849643,0.0,0.004795852235904083
77373,East Spring,30.07,-95.37,54609,67742.0,110900.0,0.10242974238875878,0.6088992974238876,0.08899297423887588,0.14613583138173303,0.043413348946135834,0.005064402810304449,0.005064402810304449
77375,East Tomball,30.09,-95.59,39351,60782.0,147900.0,0.10352448987646524,0.5655760350475589,0.06212258752022733,0.20006314875478548,0.05063740774361605,0.01219560326794806,0.005880727789398903
77377,West Tomball,30.06,-95.68,28708,87474.0,193000.0,0.10911251552962783,0.4230000540160968,0.07167936044941392,0.2803435423756279,0.0974450386215092,0.013071895424836602,0.0053475935828877
77378,East Willis,30.5,-95.4,14685,48136.0,87200.0,0.2593065058564305,0.5309057172677722,0.05218601414820828,0.1354516989446828,0.017279369129073407,0.004870694653832773,0.0
77379,Klein Area - Spring,30.04,-95.53,70544,97692.0,190200.0,0.07101230304338442,0.3881286423483704,0.07388301316641485,0.3066479602849126,0.11698683358515001,0.028599179797107705,0.014742067774660047
77380,South Woodlands,30.14,-95.47,23136,67616.0,176700.0,0.07594632003370043,0.42919901305891556,0.08461214418968527,0.25203105253655894,0.10645724258289703,0.03779262201360053,0.013961605584642234
77381,North Woodlands,30.18,-95.5,34961,101383.0,277800.0,0.031380172174396,0.34061966913952474,0.05046217320585552,0.3737850597056373,0.1439282738921728,0.03681517038917761,0.023009481493236006
77382,Spring Area - The Woodlands,30.2,-95.54,35369,131564.0,321000.0,0.02309732894255397,0.24419136480058543,0.049670691547749724,0.4567325283571167,0.1493322356384925,0.0464690815953165,0.030506769118185145
77384,Southwest Conroe,30.23,-95.5,11857,80032.0,225100.0,0.04608147118571582,0.43739976478135356,0.08382337218004918,0.2849353148722335,0.10477921522506148,0.030792259168181332,0.01218860258740511
77385,East Woodlands - Conroe,30.18,-95.4,19534,82175.0,155800.0,0.11014954831853033,0.47149472405678283,0.09124724815911334,0.2234874364229864,0.0835041372504365,0.010855537842556745,0.009261367949593867
77386,Northeast Spring,30.09,-95.36,36407,82747.0,164900.0,0.0684437475499804,0.4595060760486084,0.08655429243433947,0.2826734613876911,0.08514308114464916,0.010074480595844766,0.007604860838886711
77388,Southwest Spring,30.05,-95.47,40384,82936.0,147500.0,0.08849822330278662,0.4834860669534318,0.08587993267252665,0.22498597344305218,0.09070506826257714,0.013091453151299795,0.01335328221432579
77389,Northwest Spring,30.13,-95.49,21255,99702.0,190700.0,0.08346243222308287,0.4176349083397883,0.08501161890007745,0.30706170926930026,0.07248902659437129,0.02059127291505293,0.013749031758326879
77396,South Humble,29.94,-95.25,43317,56575.0,109200.0,0.19580547334575615,0.5008220979940808,0.056414191238262267,0.15513902590522125,0.057802623406043335,0.029412839343783113,0.0046037487668530086
77401,Bellaire,29.71,-95.47,17491,144821.0,608300.0,0.024136775058665773,0.17658397586322494,0.037881327522628225,0.33204827355011735,0.19753603754609453,0.15789473684210525,0.07391887361716393
77406,Central Richmond,29.6,-95.8,33682,110294.0,215700.0,0.06592809364548495,0.44021739130434784,0.07955685618729097,0.28963210702341136,0.09485785953177257,0.019230769230769232,0.010576923076923078
77407,Northeast Richmond,29.66,-95.73,28595,85219.0,165800.0,0.09743202416918428,0.3859516616314199,0.08836858006042296,0.2963746223564955,0.10795568982880162,0.014652567975830815,0.009264853977844914
77417,Beasley,29.48,-95.98,2457,35833.0,72400.0,0.2865853658536585,0.5521680216802168,0.048102981029810296,0.09552845528455285,0.012872628726287264,0.0040650406504065045,0.0006775067750677507
77418,Bellville,30.0,-96.3,9585,46250.0,157000.0,0.111611300838249,0.5942253958398013,0.06783607575287177,0.1494877367277243,0.06519714374417883,0.01164234709717479,0.0
77422,Brazoria,29.0,-95.6,13933,49262.0,100100.0,0.14652135623073537,0.6693086745926905,0.08641567591369441,0.07309555261999119,0.02025539409951563,0.004403346543372964,0.0
77423,Brookshire,29.8,-96.0,9483,36667.0,90800.0,0.2539136418372613,0.5962497849647342,0.047479786685016345,0.08291759848615173,0.01909513160158266,0.0,0.0003440564252537416
77429,East Cypress,29.98,-95.66,72264,96695.0,187000.0,0.056849360170328586,0.43363550560811254,0.05805658596545139,0.31833446739392873,0.10112162251146864,0.019535108321078163,0.012467350029631907
77430,Damon,29.3,-95.7,2283,68889.0,123800.0,0.22428571428571428,0.5857142857142857,0.052142857142857144,0.11714285714285715,0.020714285714285713,0.0,0.0
77433,West Cypress,29.96,-95.74,50539,89258.0,173100.0,0.08684301575818576,0.4074481804170729,0.07375837448494951,0.3096279055137923,0.08976818796590444,0.018022835215298964,0.014531500644796025
77441,Weston Lakes,29.7,-95.9,4809,123703.0,378500.0,0.04516471838469713,0.3405951115834219,0.061902231668437835,0.39665249734325186,0.12805526036131776,0.011424017003188097,0.016206163655685443
77444,Guy,29.3,-95.79,784,59808.0,82000.0,0.12478031634446397,0.8154657293497364,0.008787346221441126,0.0351493848857645,0.0,0.0,0.015817223198594025
77445,Hempstead,30.1,-96.1,11977,43066.0,133000.0,0.1975659229208925,0.5626774847870183,0.0486815415821501,0.1411764705882353,0.039486139283299526,0.0050033806626098715,0.005409060175794456
77446,Prairie View,30.1,-95.9,5217,33897.0,111500.0,0.17181208053691274,0.3436241610738255,0.03355704697986577,0.2080536912751678,0.19731543624161074,0.0,0.04563758389261745
77447,Hockley,30.1,-95.8,11872,65682.0,120700.0,0.18211586901763224,0.6066750629722922,0.0677581863979849,0.10617128463476071,0.028463476070528966,0.0055415617128463475,0.00327455919395466
77449,Northeast Katy,29.83,-95.73,94382,65420.0,118500.0,0.1585645432063108,0.5297579291297363,0.08949943137715038,0.1658212538585122,0.04646460999693124,0.0030326551979349063,0.006859577233424193
77450,Southeast Katy,29.74,-95.74,71889,100957.0,191900.0,0.0459349593495935,0.34677055103884374,0.07892953929539295,0.3714995483288166,0.12441282746160795,0.013708220415537488,0.018744354110207768
77451,Kendleton,29.445,-96.006,77,23438.0,70900.0,0.352112676056338,0.647887323943662,0.0,0.0,0.0,0.0,0.0
77459,Sienna Plantation - Missouri City,29.53,-95.52,56274,104547.0,205500.0,0.03861412324781804,0.3709600634752711,0.07027241470510447,0.3435863528167152,0.12922507273208145,0.026262893414440623,0.02107907960856916
77461,Needville,29.4,-95.8,10679,59220.0,114900.0,0.22499612342998915,0.5607070863699798,0.0756706466118778,0.10513257869437122,0.02046828965731121,0.002015816405644286,0.011009458830826485
77464,Orchard,29.52,-96.03,221,49432.0,95000.0,0.1258741258741259,0.7272727272727273,0.06293706293706294,0.013986013986013986,0.027972027972027972,0.04195804195804196,0.0
77466,Pattison,29.824,-95.993,690,60742.0,95000.0,0.48789571694599626,0.3649906890130354,0.01675977653631285,0.11173184357541899,0.0037243947858473,0.0148975791433892,0.0
77469,South Richmond,29.5,-95.7,35321,67088.0,152700.0,0.18908356952675429,0.49738040024048785,0.0625268401614704,0.16851326977583098,0.0614102894443013,0.01301211028085545,0.00807352057029975
77471,Rosenberg,29.5,-95.9,35241,43798.0,106900.0,0.2763797334359813,0.5514603281528172,0.05966414858297647,0.07640860318529567,0.03310397921378049,0.002502044940576433,0.0004811624885723909
77473,San Felipe,29.8,-96.2,97,20357.0,75000.0,0.30357142857142855,0.48214285714285715,0.14285714285714285,0.0,0.07142857142857142,0.0,0.0
77474,Sealy,29.8,-96.2,12782,56905.0,141500.0,0.19440680054207218,0.5786620672662314,0.07416533201921892,0.12541579401256622,0.021559689540470616,0.001971171615128742,0.003819145004311938
77476,Simonton,29.6804,-95.9779,313,25000.0,133300.0,0.2733333333333333,0.48,0.02,0.14666666666666667,0.02666666666666667,0.0,0.05333333333333334
77477,Stafford,29.63,-95.56,35897,54917.0,141900.0,0.1804780367261727,0.4234161305440757,0.0659111243662392,0.23991308423160496,0.0683396531890418,0.0056665672532060845,0.01627540368965958
77478,Northeast Sugar Land,29.62,-95.61,24739,89549.0,247600.0,0.08207734548428555,0.3631849515130272,0.055146629279121395,0.3161000116836079,0.12752658020796823,0.02874167542937259,0.02722280640261713
77479,Southwest Sugar Land,29.56,-95.64,74514,123935.0,275400.0,0.05827300723913131,0.2874255089389273,0.05529336479622445,0.34639843218813743,0.17363916330040396,0.03089629244490661,0.04807423109226893
77480,Sweeny,29.1,-95.7,8097,53639.0,91800.0,0.14021215043394408,0.6202507232401158,0.10356798457087753,0.104725168756027,0.026808100289296047,0.004435872709739634,0.0
77481,Thompsons,29.5,-95.7,35,,,0.0,1.0,0.0,0.0,0.0,0.0,0.0
77484,Waller,30.1,-95.9,11068,63045.0,132500.0,0.18179190751445087,0.545664739884393,0.07254335260115607,0.1329479768786127,0.05578034682080925,0.01069364161849711,0.0005780346820809249
77485,Wallis,29.6,-96.0,4054,60900.0,135800.0,0.15701515740380878,0.5969685192382433,0.09560823940924991,0.12125923047026817,0.024096385542168676,0.004663816556548776,0.000388651379712398
77486,West Columbia,29.1,-95.7,6851,58049.0,110000.0,0.10882230545151894,0.6123595505617978,0.08156471077819392,0.13961714523512275,0.04223886808156471,0.012692467748647523,0.0027049521431543903
77489,Missouri City,29.61,-95.51,35554,58315.0,108900.0,0.12418655097613883,0.5510665220535069,0.07438539407086045,0.1530639913232104,0.07994396240057845,0.008767172812725958,0.008586406362979032
77493,Noorthwest Katy,29.85,-95.84,23104,78452.0,148900.0,0.14338385907414994,0.507851973235013,0.07981701488461013,0.18858391369657243,0.0694387546087669,0.005598798306704902,0.005325686194182712
77494,Southwest Katy,29.74,-95.84,61600,126425.0,262100.0,0.030099943956659818,0.2542032505137306,0.07000747244535774,0.4305296095647301,0.16035400709882308,0.026083504576872783,0.028722211843825892
77498,Northwest Sugarland,29.64,-95.65,49906,72232.0,159100.0,0.13026393143352208,0.48881462916550633,0.054735604443206784,0.22209845601658468,0.07741576162628794,0.015006652433553019,0.01166496488133915
77502,Central Pasadena,29.68,-95.2,37995,43014.0,93000.0,0.3537531931617214,0.5338475142464139,0.040823344468461385,0.0484378070347809,0.01655531538612694,0.0021615248575358615,0.004421300844959717
77503,Northwest Pasadena,29.71,-95.16,24251,44939.0,88600.0,0.3187369882026371,0.5607911172796669,0.05523941707147814,0.05343511450381679,0.010270645385149203,0.0,0.0015267175572519084
77504,South Pasadena,29.65,-95.19,24529,40321.0,117700.0,0.24170488265443754,0.5666306986781764,0.05678446182897221,0.0966414890747235,0.02218775289991907,0.011060156460749933,0.004990558403021311
77505,Southeast Pasadena,29.65,-95.14,23223,72695.0,160700.0,0.13219472834857451,0.5400753093060785,0.09232114039806348,0.16238569123184507,0.04942173211403981,0.0065895642818719746,0.017011834319526627
77506,North Pasadena,29.71,-95.21,35977,30617.0,72600.0,0.46430950550858313,0.47291826799897513,0.021521906225980016,0.03417883679221112,0.0032282859338970023,0.0037919549064821933,5.124263387138099e-05
77510,East Santa Fe,29.34,-95.09,13731,60074.0,141300.0,0.10612633583747752,0.6859591577610835,0.07195005819490001,0.08750396783409163,0.03502274891545868,0.0075124325468204425,0.005925298910168236
77511,Alvin,29.3,-95.2,46627,52507.0,109600.0,0.21059196332254584,0.5589266450916937,0.08080501618122977,0.10794228694714132,0.031182578209277237,0.00721413160733549,0.003337378640776699
77514,Anahuac,29.7,-94.6,4942,44375.0,109200.0,0.20593931568754034,0.6020012911555842,0.05777921239509361,0.07682375726275016,0.04260813428018076,0.009038089089735314,0.005810200129115558
77515,Angleton,29.2,-95.4,30309,55911.0,99400.0,0.19608418991678903,0.608223201174743,0.07679882525697504,0.07924620655898189,0.03171806167400881,0.0041116005873715125,0.0038179148311306903
77517,West Santa Fe,29.36,-95.14,5315,83472.0,142000.0,0.1007502679528403,0.7009646302250804,0.08628081457663452,0.09030010718113612,0.017416934619506965,0.004287245444801715,0.0
77518,Bacliff,29.51,-94.98,8673,40612.0,78800.0,0.22009665726943214,0.4915424889246879,0.13592428513894483,0.0950463149416029,0.030205396697543293,0.018123238018525976,0.009061619009262988
77520,Central Baytown,29.75,-95.0,36489,43409.0,76100.0,0.3275762296906299,0.49828622301357667,0.06708212775428445,0.07424883151569107,0.02848876029379034,0.0023147117738704652,0.0020031159581571333
77521,North Baytown,29.82,-94.97,49507,53726.0,120000.0,0.17150240423931176,0.5666481305812698,0.09433777109024893,0.10905760361126558,0.043341729089660136,0.010173039808969284,0.004939321579274476
77523,East Baytown,29.8,-94.9,17031,90229.0,173200.0,0.11114049004054292,0.5970386039132733,0.08179093953816323,0.14216463952053587,0.054556671954873966,0.005640754450907809,0.007667900581702803
77530,Channelview,29.78,-95.11,31086,44786.0,86900.0,0.2792562670785315,0.5567898301057383,0.07039325175240585,0.07193774503980041,0.018355708684804562,0.0032671973387192587,0.0
77531,Clute,29.06,-95.39,15639,47121.0,94600.0,0.21246040126715945,0.5942977824709609,0.058817317845828936,0.09904963041182682,0.030939809926082366,0.0021119324181626186,0.0023231256599788807
77532,Crosby,29.9,-95.0,26236,63236.0,121000.0,0.12914298576332225,0.6222497327105959,0.0784424061673513,0.13257554442631253,0.024590625175848292,0.0059085026166225876,0.007090203139947105
77533,Daisetta,30.11,-94.64,1022,47500.0,66200.0,0.21234119782214156,0.676950998185118,0.029038112522686024,0.06533575317604355,0.016333938294010888,0.0,0.0
77534,Danbury,29.22,-95.29,2863,77045.0,119500.0,0.14071696094168004,0.5489566613162119,0.10700909577314072,0.15409309791332262,0.04066345639379347,0.008560727661851257,0.0
77535,Dayton,30.1,-94.9,31295,54553.0,92700.0,0.25068394528437726,0.6317734581233502,0.0507799376049916,0.04463642908567315,0.013294936405087592,0.003263738900887929,0.00556755459563235
77536,Deer Park,29.71,-95.12,30690,77824.0,133500.0,0.12378972981193288,0.5549754144066508,0.11897399503218939,0.1425964414254575,0.04896841891823389,0.007502407867389872,0.0031935925381456885
77538,Devers,30.0,-94.5,934,44625.0,85900.0,0.24234354194407456,0.6098535286284953,0.043941411451398134,0.09454061251664447,0.005326231691078562,0.0039946737683089215,0.0
77539,Dickinson,29.5,-95.0,38806,66129.0,134100.0,0.18936500132370182,0.4953670436065202,0.08838546197193752,0.16145380280624788,0.04118603683673083,0.012594077379826785,0.011648576075034984
77541,Freeport,29.0,-95.3,17412,39304.0,76900.0,0.2438058395505204,0.6161923183199779,0.0547112462006079,0.07184305056645482,0.009486966933775444,0.0010131712259371835,0.0029474072027263517
77545,Fresno,29.54,-95.47,19431,67970.0,135700.0,0.18198512533284364,0.40023872922596637,0.07822973097052613,0.24561564594619412,0.07042512166008631,0.012579193829767698,0.010926453034615738
77546,Friendswood,29.52,-95.19,47636,98442.0,184300.0,0.04930551190999937,0.38133995349129535,0.1023819998743008,0.31660486455911,0.11070957199421784,0.021683112312236817,0.017974985858839797
77547,Galena Park,29.74,-95.23,9735,38692.0,70100.0,0.3756027862118235,0.53991784247187,0.03679228433648866,0.03518485443829255,0.012502232541525273,0.0,0.0
77550,East End - Galveston,29.31,-94.77,23043,32447.0,117200.0,0.19929792025433832,0.4788713736918797,0.062193668035501394,0.1308782620214598,0.06106769108491191,0.036958537554643,0.03073254735726586
77551,Sea Wall - Galveston,29.28,-94.84,17753,42575.0,125900.0,0.2220830070477682,0.4878621769772905,0.0543461237274863,0.1321848081440877,0.0548159749412686,0.02341425215348473,0.02529365700861394
77554,West End - Galveston,29.2,-95.0,8863,64583.0,247800.0,0.05442850074220683,0.45142668645884876,0.07372587827808016,0.24740227610094012,0.09467260432129308,0.0417285172356919,0.03661553686293914
77560,Hankamer,29.861,-94.629,1005,41463.0,87900.0,0.23722627737226276,0.583941605839416,0.023722627737226276,0.12043795620437957,0.03467153284671533,0.0,0.0
77561,Hardin,30.1,-94.7,53,12250.0,65700.0,0.47474747474747475,0.3434343434343434,0.06060606060606061,0.12121212121212122,0.0,0.0,0.0
77562,Highlands,29.83,-95.05,10459,57394.0,95900.0,0.20342350603698608,0.6318202659330582,0.083447959651536,0.04508635182637934,0.03423506036986092,0.0,0.0019868561821794286
77563,Hitchcock,29.3,-95.0,9103,50498.0,105400.0,0.14873464555276011,0.6445167973952938,0.0676335651916531,0.09634453159686251,0.02945093976616842,0.009323664348083469,0.003995856149178629
77564,Hull,30.2,-94.7,1988,48657.0,67900.0,0.2165709598031173,0.7366694011484823,0.02461033634126333,0.022149302707136997,0.0,0.0,0.0
77565,Kemah,29.53,-95.03,5790,80000.0,168300.0,0.057256368310352884,0.4477681701332087,0.11381163823323207,0.2675858845524655,0.08156111240944146,0.016125262911895304,0.015891563449404067
77566,Lake Jackson,29.05,-95.48,28739,75066.0,151300.0,0.07142079477408819,0.5074033750680458,0.10163309744148068,0.2144801306477953,0.0768644529123571,0.013282525857376156,0.014915623298856831
77568,La Marque,29.4,-95.0,14308,42196.0,80700.0,0.16292565422095698,0.5883061425599474,0.0982152633307785,0.09580641629256542,0.03810358042264316,0.012044235191065367,0.00459870798204314
77571,La Porte,29.69,-95.04,35666,68102.0,122200.0,0.14163164507603657,0.6172176248862701,0.08435509726614965,0.11004722499025173,0.036090290715306964,0.007798622243403665,0.002859494822581344
77573,League City,29.5,-95.09,71580,92559.0,182300.0,0.049466638778498224,0.4225266680610751,0.09445722652164819,0.27958586069859864,0.10058565153733529,0.032148086174440496,0.0212298682284041
77575,Liberty,30.1,-94.7,15949,42765.0,94500.0,0.23896004588032882,0.5673867329382527,0.047983177212770026,0.09787803479258268,0.04234372012999427,0.004205696807493787,0.0012425922385777097
77577,Liverpool,29.27,-95.27,1368,52606.0,108700.0,0.1888412017167382,0.6587982832618026,0.08583690987124463,0.048283261802575105,0.018240343347639486,0.0,0.0
77578,Manvel,29.47,-95.37,12672,92826.0,189700.0,0.08832156436719174,0.40293318848451926,0.10298750678978816,0.26583378598587726,0.110483432916893,0.0076045627376425855,0.021835958718087994
77580,Mont Belvieu,29.7,-94.9,312,131641.0,191500.0,0.0,0.457286432160804,0.22613065326633167,0.23618090452261306,0.0,0.08040201005025126,0.0
77581,East Pearland,29.56,-95.28,42383,83709.0,172900.0,0.09849133916930528,0.5016576643695287,0.07107468802384057,0.21233004283851742,0.07949338796796424,0.022723039672192216,0.014229837958651518
77583,Rosharon,29.4,-95.4,28531,68939.0,137800.0,0.2544289860874787,0.48613752377139424,0.07922129916925233,0.1300170153137824,0.029776799119207286,0.009658692823541187,0.01075968371534381
77584,West Pearland,29.54,-95.35,70228,94103.0,189600.0,0.0773236413101235,0.3074666836702162,0.0754319964292546,0.3082318433973092,0.13902527152543093,0.054708920487151695,0.03781164318051393
77586,Seabrook,29.58,-95.03,20970,86786.0,190100.0,0.047955647955647954,0.38503118503118505,0.06424116424116424,0.33146223146223147,0.13208593208593208,0.017325017325017324,0.021898821898821898
77587,South Houston,29.66,-95.23,16568,36083.0,77900.0,0.4711388455538221,0.4211054156451972,0.03420993982616447,0.045464675729886335,0.012814798306217963,0.012257633162469356,0.0030086917762424783
77590,West Texas City,29.4,-94.89,30374,45343.0,91600.0,0.20379364998210542,0.6142440820082826,0.07106702796666496,0.07418579681987832,0.02673960836443581,0.005266117899688123,0.004703716958944731
77591,East Texas City,29.41,-95.0,13131,46096.0,103900.0,0.13149682556763156,0.6325191003981492,0.09415689228451522,0.09964489400624126,0.03712471752932315,0.003013020553104487,0.0020445496610351876
77597,Wallisville,29.85,-94.66,777,81125.0,153600.0,0.0962671905697446,0.693516699410609,0.019646365422396856,0.18271119842829076,0.007858546168958742,0.0,0.0
77598,Webster,29.55,-95.14,23059,46682.0,117100.0,0.12481706042232908,0.5349501707436058,0.10028573419750506,0.179942853160499,0.04432364624712524,0.009965851278834762,0.0057146839501010524
77617,Central Bolivar Peninsula,29.55,-94.44,73,35625.0,47900.0,0.05813953488372093,0.627906976744186,0.0,0.313953488372093,0.0,0.0,0.0
77623,East Bolivar Peninsula,29.56,-94.43,448,61364.0,57400.0,0.13305613305613306,0.6860706860706861,0.029106029106029108,0.13097713097713098,0.016632016632016633,0.0,0.004158004158004158
77650,West Bolivar Peninsula,29.4,-94.6,1896,79000.0,180400.0,0.3887900355871886,0.4902135231316726,0.025800711743772242,0.04804270462633452,0.03291814946619217,0.014234875444839857,0.0
77661,Stowell,29.7872,-94.3833,962,80029.0,83100.0,0.07677165354330709,0.7125984251968503,0.0,0.2106299212598425,0.0,0.0,0.0
77665,Winnie,29.8,-94.3,6446,50149.0,116400.0,0.249185667752443,0.5757328990228013,0.035830618892508145,0.1004343105320304,0.03013029315960912,0.00515743756786102,0.003528773072747014
78931,Bleiblerville,30.03,-96.44,323,67917.0,116400.0,0.0,1.0,0.0,0.0,0.0,0.0,0.0
78933,Cat Spring,29.8,-96.4,1433,59974.0,225700.0,0.04957904583723106,0.6108512628624883,0.037418147801683815,0.21141253507951357,0.0617399438727783,0.0205799812909261,0.00841908325537886
78944,Industry,30.0,-96.5,562,47083.0,154900.0,0.23046092184368738,0.561122244488978,0.06813627254509018,0.036072144288577156,0.10220440881763528,0.002004008016032064,0.0
78950,New Ulm,29.9,-96.5,2038,49261.0,170900.0,0.08669046404895461,0.5594084650688425,0.1341152473227945,0.1509433962264151,0.05660377358490566,0.01223865374808771,0.0
